feature_1,feature_2,correlation
python,python,1.0
r,python,0.4064271854036747
sql,python,0.23901337341110276
azure,python,0.07445320490870287
docker,python,0.0945608325181969
aws,python,0.1975806453859249
excel,python,-0.05734693176239738
machine_learning,python,0.38439164518243685
tableau,python,0.11091850403779988
power_bi,python,0.0033492733768683658
statistics,python,0.2615689239041875
data_science,python,0.20495655001100208
data_engineering,python,0.1288205881735159
computer_science,python,0.16772533510945564
mathematics,python,0.18875722273312645
python,r,0.4064271854036747
r,r,1.0
sql,r,0.1796067430658187
azure,r,0.011620752923107805
docker,r,-0.08453472104411999
aws,r,-0.09427754538418341
excel,r,-0.017563727321689423
machine_learning,r,0.18163910034607925
tableau,r,0.25011704475387675
power_bi,r,0.06948115320744595
statistics,r,0.29448761210940605
data_science,r,0.20846465914617612
data_engineering,r,-0.11863196174090719
computer_science,r,0.04926445512880084
mathematics,r,0.14511929759228084
python,sql,0.23901337341110276
r,sql,0.1796067430658187
sql,sql,1.0
azure,sql,0.14321666853242018
docker,sql,0.004880771263553373
aws,sql,0.05506487599606049
excel,sql,0.09180042777529678
machine_learning,sql,-0.04670491054124575
tableau,sql,0.30638712246950495
power_bi,sql,0.23914659892966794
statistics,sql,0.15200621028322256
data_science,sql,-0.02512836328760757
data_engineering,sql,0.05910966678741305
computer_science,sql,0.045330005565848534
mathematics,sql,0.08745911101858012
python,azure,0.07445320490870287
r,azure,0.011620752923107805
sql,azure,0.14321666853242018
azure,azure,1.0
docker,azure,0.027456588031627593
aws,azure,0.33533405101375013
excel,azure,-0.0340265609943224
machine_learning,azure,0.07048531412905067
tableau,azure,0.055234247649032786
power_bi,azure,0.27252283156787765
statistics,azure,0.013849368763543703
data_science,azure,0.09320863980751155
data_engineering,azure,0.08645767589659893
computer_science,azure,0.05104021102601609
mathematics,azure,-0.13626754025008755
python,docker,0.0945608325181969
r,docker,-0.08453472104411999
sql,docker,0.004880771263553373
azure,docker,0.027456588031627593
docker,docker,1.0
aws,docker,0.2438170745790889
excel,docker,-0.09063693968974523
machine_learning,docker,0.1263201198639684
tableau,docker,-0.10114651747810365
power_bi,docker,-0.06933396099097916
statistics,docker,-0.026990082368244055
data_science,docker,0.09558024304665183
data_engineering,docker,0.1493950772167604
computer_science,docker,-0.08064364782687972
mathematics,docker,0.043054591218738635
python,aws,0.1975806453859249
r,aws,-0.09427754538418341
sql,aws,0.05506487599606049
azure,aws,0.33533405101375013
docker,aws,0.2438170745790889
aws,aws,1.0
excel,aws,-0.03594904341751191
machine_learning,aws,0.15913286929705292
tableau,aws,-0.04998292479848967
power_bi,aws,0.0013574697705234502
statistics,aws,0.06035051889475243
data_science,aws,0.10975414532244797
data_engineering,aws,0.3486743669476759
computer_science,aws,-0.0017330457492110022
mathematics,aws,-0.03303472977773886
python,excel,-0.05734693176239738
r,excel,-0.017563727321689423
sql,excel,0.09180042777529678
azure,excel,-0.0340265609943224
docker,excel,-0.09063693968974523
aws,excel,-0.03594904341751191
excel,excel,1.0
machine_learning,excel,-0.14918078972316784
tableau,excel,0.20028191233097148
power_bi,excel,0.20459923983247083
statistics,excel,0.017313934571374274
data_science,excel,-0.07860053132925504
data_engineering,excel,-0.08950628333547687
computer_science,excel,-0.11697208783117664
mathematics,excel,-0.0029809650002252976
python,machine_learning,0.38439164518243685
r,machine_learning,0.18163910034607925
sql,machine_learning,-0.04670491054124575
azure,machine_learning,0.07048531412905067
docker,machine_learning,0.1263201198639684
aws,machine_learning,0.15913286929705292
excel,machine_learning,-0.14918078972316784
machine_learning,machine_learning,1.0
tableau,machine_learning,-0.1265543828062723
power_bi,machine_learning,-0.021548107085881212
statistics,machine_learning,0.3113769044380209
data_science,machine_learning,0.2901559309623013
data_engineering,machine_learning,-0.017988764907029137
computer_science,machine_learning,0.15527018536696632
mathematics,machine_learning,0.20040034176387148
python,tableau,0.11091850403779988
r,tableau,0.25011704475387675
sql,tableau,0.30638712246950495
azure,tableau,0.055234247649032786
docker,tableau,-0.10114651747810365
aws,tableau,-0.04998292479848967
excel,tableau,0.20028191233097148
machine_learning,tableau,-0.1265543828062723
tableau,tableau,1.0
power_bi,tableau,0.3775632503033594
statistics,tableau,0.11390154430527334
data_science,tableau,0.014628684346123284
data_engineering,tableau,-0.060033330241429525
computer_science,tableau,0.05640666071981293
mathematics,tableau,0.11468464983720408
python,power_bi,0.0033492733768683658
r,power_bi,0.06948115320744595
sql,power_bi,0.23914659892966794
azure,power_bi,0.27252283156787765
docker,power_bi,-0.06933396099097916
aws,power_bi,0.0013574697705234502
excel,power_bi,0.20459923983247083
machine_learning,power_bi,-0.021548107085881212
tableau,power_bi,0.3775632503033594
power_bi,power_bi,1.0
statistics,power_bi,0.06718037985022242
data_science,power_bi,-0.021473961485378244
data_engineering,power_bi,-0.004618431204143974
computer_science,power_bi,0.0644365800766917
mathematics,power_bi,0.025075325202039755
python,statistics,0.2615689239041875
r,statistics,0.29448761210940605
sql,statistics,0.15200621028322256
azure,statistics,0.013849368763543703
docker,statistics,-0.026990082368244055
aws,statistics,0.06035051889475243
excel,statistics,0.017313934571374274
machine_learning,statistics,0.3113769044380209
tableau,statistics,0.11390154430527334
power_bi,statistics,0.06718037985022242
statistics,statistics,1.0
data_science,statistics,0.2939164703923355
data_engineering,statistics,-0.09538782502814847
computer_science,statistics,0.1795570618433124
mathematics,statistics,0.34799164963903384
python,data_science,0.20495655001100208
r,data_science,0.20846465914617612
sql,data_science,-0.02512836328760757
azure,data_science,0.09320863980751155
docker,data_science,0.09558024304665183
aws,data_science,0.10975414532244797
excel,data_science,-0.07860053132925504
machine_learning,data_science,0.2901559309623013
tableau,data_science,0.014628684346123284
power_bi,data_science,-0.021473961485378244
statistics,data_science,0.2939164703923355
data_science,data_science,1.0
data_engineering,data_science,0.04447908433697431
computer_science,data_science,0.10887962790248985
mathematics,data_science,0.14016289342008584
python,data_engineering,0.1288205881735159
r,data_engineering,-0.11863196174090719
sql,data_engineering,0.05910966678741305
azure,data_engineering,0.08645767589659893
docker,data_engineering,0.1493950772167604
aws,data_engineering,0.3486743669476759
excel,data_engineering,-0.08950628333547687
machine_learning,data_engineering,-0.017988764907029137
tableau,data_engineering,-0.060033330241429525
power_bi,data_engineering,-0.004618431204143974
statistics,data_engineering,-0.09538782502814847
data_science,data_engineering,0.04447908433697431
data_engineering,data_engineering,1.0
computer_science,data_engineering,0.04143872364716955
mathematics,data_engineering,-0.05517883601129216
python,computer_science,0.16772533510945564
r,computer_science,0.04926445512880084
sql,computer_science,0.045330005565848534
azure,computer_science,0.05104021102601609
docker,computer_science,-0.08064364782687972
aws,computer_science,-0.0017330457492110022
excel,computer_science,-0.11697208783117664
machine_learning,computer_science,0.15527018536696632
tableau,computer_science,0.05640666071981293
power_bi,computer_science,0.0644365800766917
statistics,computer_science,0.1795570618433124
data_science,computer_science,0.10887962790248985
data_engineering,computer_science,0.04143872364716955
computer_science,computer_science,1.0
mathematics,computer_science,0.29635145017190206
python,mathematics,0.18875722273312645
r,mathematics,0.14511929759228084
sql,mathematics,0.08745911101858012
azure,mathematics,-0.13626754025008755
docker,mathematics,0.043054591218738635
aws,mathematics,-0.03303472977773886
excel,mathematics,-0.0029809650002252976
machine_learning,mathematics,0.20040034176387148
tableau,mathematics,0.11468464983720408
power_bi,mathematics,0.025075325202039755
statistics,mathematics,0.34799164963903384
data_science,mathematics,0.14016289342008584
data_engineering,mathematics,-0.05517883601129216
computer_science,mathematics,0.29635145017190206
mathematics,mathematics,1.0
